순위,곡정보,앨범,좋아요 수
1,"Golden
HUNTR/X, EJAE, AUDREY NUNA, REI AMI, KPop Demon Hunters Cast",KPop Demon Hunters (Soundtrack from the Netflix Film),"167,269"
2,"뛰어(JUMP)
BLACKPINK",뛰어(JUMP),"73,850"
3,"Rich Man
aespa",Rich Man - The 6th Mini Album,"34,445"
4,"Soda Pop
KPop Demon Hunters Cast, Danny Chung, Saja Boys, Andrew Choi, Neckwav, Kevin Woo, samUIL Lee",KPop Demon Hunters (Soundtrack from the Netflix Film),"101,572"
5,"Drowning
WOODZ",OO-LI,"248,523"
6,"FAMOUS
ALLDAY PROJECT",FAMOUS,"111,881"
7,"XOXZ
IVE (아이브)",IVE SECRET,"34,463"
8,"시작의 아이 ❍
박다혜, 마크툽 (MAKTUB)",시작의 아이 ❍ ハジマリのコ Starting With You : ♡,"45,343"
9,"꿈의 버스
DAY6 (데이식스)",The DECADE,"32,495"
10,"바이, 썸머
아이유","바이, 썸머","34,487"
11,"어제보다 슬픈 오늘
우디 (Woody)",어제보다 슬픈 오늘,"59,488"
12,"Dirty Work
aespa",Dirty Work,"63,067"
13,"시작의 아이
마크툽 (MAKTUB)",시작의 아이 ハジマリのコ (Starting With You),"75,204"
14,"너에게 닿기를
10CM",너에게 닿기를,"131,214"
15,"모르시나요(PROD.로코베리)
조째즈",모르시나요,"93,969"
16,"INSIDE OUT
DAY6 (데이식스)",The DECADE,"27,073"
17,"Whiplash
aespa",Whiplash - The 5th Mini Album,"145,944"
18,"사랑은 늘 도망가
임영웅",신사와 아가씨 OST Part.2,"231,484"
19,"Dash
PLAVE",Caligo Pt.1,"61,445"
20,"운명 (2025)
먼데이 키즈, 이이경",먼키의 발자국 Vol.1 With 이이경,"21,824"
21,"HOME SWEET HOME (feat. 태양, 대성)
G-DRAGON","HOME SWEET HOME (feat. 태양, 대성)","220,752"
22,"순간을 영원처럼
임영웅",IM HERO 2,"34,062"
23,"숨바꼭질 (Hide and Seek)
PLAVE",숨바꼭질 (Hide and Seek),"24,260"
24,"우리들의 블루스
임영웅",IM HERO,"120,436"
25,"Your Idol
KPop Demon Hunters Cast, Danny Chung, Saja Boys, Andrew Choi, Neckwav, Kevin Woo, samUIL Lee",KPop Demon Hunters (Soundtrack from the Netflix Film),"60,164"
26,"like JENNIE
제니 (JENNIE)",Ruby,"96,962"
27,"한번 더 이별
이창섭",한번 더 이별 (첫사랑 엔딩 X 이창섭),"15,655"
28,"들꽃이 될게요
임영웅",IM HERO 2,"29,029"
29,"WICKED
ALLDAY PROJECT",FAMOUS,"49,037"
30,"청춘만화
이무진",만화 (滿花),"83,139"
31,"다시 만날 수 있을까
임영웅",IM HERO,"97,405"
32,"HAPPY
DAY6 (데이식스)",Fourever,"201,682"
33,"Never Ending Story
아이유",꽃갈피 셋,"74,255"
34,"그댈 위한 멜로디
임영웅",IM HERO 2,"28,437"
35,"나는 반딧불
황가람",나는 반딧불,"152,631"
36,"천상연
이창섭",천상연 (웹툰 '선녀외전' X 이창섭 (LEE CHANGSUB)),"135,376"
37,"비가 와서
임영웅",IM HERO 2,"28,542"
38,"천국보다 아름다운
임영웅",천국보다 아름다운,"39,735"
39,"답장을 보낸지
임영웅",IM HERO 2,"29,666"
40,"ULSSIGU
임영웅",IM HERO 2,"28,205"
41,"알겠어요 미안해요
임영웅",IM HERO 2,"27,413"
42,"멸종위기사랑
이찬혁",EROS,"34,749"
43,"TOO BAD (feat. Anderson .Paak)
G-DRAGON",Übermensch,"151,440"
44,"Wonderful Life
임영웅",IM HERO 2,"27,265"
45,"Island
PLAVE",Caligo Pt.1,"43,925"
46,"APT.
로제 (ROSÉ), Bruno Mars",APT.,"216,907"
47,"돌아보지 마세요
임영웅",IM HERO 2,"27,423"
48,"STYLE
Hearts2Hearts (하츠투하츠)",STYLE,"36,750"
49,"12:32 (A to T)
PLAVE",Caligo Pt.1,"42,190"
50,"나는야 HERO
임영웅",IM HERO 2,"27,027"
51,"한 페이지가 될 수 있게
DAY6 (데이식스)",The Book of Us : Gravity,"359,681"
52,"소나기
이클립스 (ECLIPSE)",선재 업고 튀어 OST Part 1,"187,680"
53,"빌려온 고양이 (Do the Dance)
아일릿(ILLIT)",bomb,"41,927"
54,"REBEL HEART
IVE (아이브)",IVE EMPATHY,"109,419"
55,"RIZZ
PLAVE",Caligo Pt.1,"45,518"
56,"오늘만 I LOVE YOU
BOYNEXTDOOR",오늘만 I LOVE YOU,"164,794"
57,"어떻게 이별까지 사랑하겠어, 널 사랑하는 거지
AKMU (악뮤)",항해,"487,448"
58,"Flower
오반(OVAN)",교회오빠,"66,846"
59,"우리에게 안녕
임영웅",IM HERO 2,"27,184"
60,"예뻤어
DAY6 (데이식스)",Every DAY6 February,"374,765"
61,"해야 뜨지 말아 줘
DAY6 (데이식스)",The DECADE,"20,229"
62,"내게 사랑이 뭐냐고 물어본다면
로이킴",내게 사랑이 뭐냐고 물어본다면,"81,458"
63,"Die With A Smile
Lady Gaga, Bruno Mars",Die With A Smile,"115,463"
64,"그대만 있다면 (여름날 우리 X 너드커넥션 (Nerd Connection))
너드커넥션 (Nerd Connection)",그대만 있다면 (여름날 우리 X 너드커넥션 (Nerd Connection)),"159,232"
65,"Welcome to the Show
DAY6 (데이식스)",Fourever,"187,047"
66,"toxic till the end
로제 (ROSÉ)",rosie,"124,548"
67,"Chroma Drift
PLAVE",Caligo Pt.1,"46,338"
68,"Supernova
aespa",Armageddon - The 1st Album,"185,317"
69,"How It’s Done
HUNTR/X, EJAE, AUDREY NUNA, REI AMI, KPop Demon Hunters Cast",KPop Demon Hunters (Soundtrack from the Netflix Film),"45,696"
70,"주저하는 연인들을 위해
잔나비",전설,"448,003"
71,"MY LOVE(2025)
이예은, 아샤트리, 전건호",MY LOVE(2025),"32,192"
72,"멈추지 않아
PLAVE",열혈사제2 OST Part.2,"28,678"
73,"Disco Day
DAY6 (데이식스)",The DECADE,"17,533"
74,"Seven (feat. Latto) - Clean Ver.
정국",Seven (feat. Latto) - Clean Ver.,"226,262"
75,"너의 모든 순간
성시경",별에서 온 그대 OST Part.7,"311,836"
76,"Love wins all
아이유",The Winning,"215,019"
77,"PO￦ER
G-DRAGON",PO￦ER,"161,306"
78,"LIKE YOU BETTER
프로미스나인",From Our 20's,"37,393"
79,"눈물참기
QWER","3rd Mini Album '난 네 편이야, 온 세상이 불협일지라도'","35,777"
80,"모든 날, 모든 순간 (Every day, Every Moment)
폴킴",'키스 먼저 할까요?' OST Part.3,"437,865"
81,"슬픈 초대장
순순희(지환)",슬픈 초대장,"74,319"
82,"별들 앞에서
DAY6 (데이식스)",The DECADE,"17,933"
83,"첫 만남은 계획대로 되지 않아
TWS (투어스)",TWS 1st Mini Album ‘Sparkling Blue’,"164,657"
84,"I AM
IVE (아이브)",I've IVE,"233,366"
85,"HANDS UP
MEOVV (미야오)",MY EYES OPEN VVIDE,"34,712"
86,"비의 랩소디
임재현",비의 랩소디,"104,903"
87,"청혼하지 않을 이유를 못 찾았어
이무진",청혼하지 않을 이유를 못 찾았어,"63,324"
88,"사랑인가 봐
멜로망스",사랑인가 봐 (사내맞선 OST 스페셜 트랙),"229,720"
89,"다정히 내 이름을 부르면
경서예지, 전건호",다정히 내 이름을 부르면 (경서예지 x 전건호),"217,439"
90,"고민중독
QWER",1st Mini Album 'MANITO',"151,222"
91,"Magnetic
아일릿(ILLIT)",SUPER REAL ME,"137,862"
92,"Hype Boy
NewJeans",NewJeans 1st EP 'New Jeans',"312,240"
93,"내 이름 맑음
QWER",2nd Mini Album 'Algorithm's Blossom',"102,765"
94,"DRIP
BABYMONSTER",DRIP,"67,052"
95,"My Way
DAY6 (데이식스)",The DECADE,"16,729"
96,"에피소드
이무진",에피소드,"133,400"
97,"How Sweet
NewJeans",How Sweet,"153,831"
98,"HOT
LE SSERAFIM (르세라핌)",HOT,"45,642"
99,"인사
범진",인사,"152,661"
100,"ATTITUDE
IVE (아이브)",IVE EMPATHY,"64,935"
